jobrole,template_id,rank
Chief Of Staff,31c78927-99fc-4448-8d89-c12493b8fe53,1
Chief Of Staff,685a18bf-99b5-48f2-adbc-4ddd50e58c01,2
Chief Of Staff,e95f612a-f72a-4772-bc48-545aaa04e0c9,3
Chief Of Staff,883c7a69-46d0-4c99-8628-e5a7ef158a1a,4
Chief Of Staff,d24f5fc9-9648-4931-84b3-92aca2ccda47,5
Chief Of Staff,3f210e35-ee57-4ad9-b835-27b384f335d9,6
Chief Of Staff,2d72bf3d-d95a-4ae8-b6e0-cd216fcc3f89,7
Chief Of Staff,3f69e498-729f-4f28-8646-fe544aa53880,8
Chief Of Staff,07b5f8ff-e07d-4944-ab0a-5e487b72aab5,9
Chief Of Staff,73371cc6-a891-4951-9f07-d3676dfce1dd,10
Chief Of Staff,61fcc923-d37d-480b-ba87-b2aa0cbf5e9c,11
Chief Of Staff,6a062671-89ee-4b76-9409-2603d8b098be,12
Chief Of Staff,4dfa06be-2927-4300-8bbf-759fba501461,13
Chief Of Staff,2b672440-5421-440e-a0fa-690b55889eb5,14
Chief Of Staff,844734d2-7ae3-42da-9237-67932b2b427a,15
Chief Of Staff,5a15fba1-f8f0-4302-a47e-9d53cfce9384,16
Chief Of Staff,6cc33c31-97bf-45e8-9b6e-0507fcf62d4d,17
Chief Of Staff,88c7ea3a-5eb6-40cf-a453-4e447ccea5c8,18
Chief Of Staff,27da97f9-8feb-4c2f-8039-3374f7204a9b,19
Chief Of Staff,7c021160-6cb6-4aff-ab30-363de1423482,20
Chief Of Staff,8663c13e-38bd-4993-b671-486e8bfa81fb,21
Chief Of Staff,b8d01e6a-3405-423e-bf34-92ac8b505b53,22
Chief Of Staff,d4b42332-828e-4d70-adac-8b7340a757db,23
Chief Of Staff,fe0ec31f-1b97-45ac-b771-c74a72cb40af,24
Chief Of Staff,52ef5225-e5e7-4727-a8df-0a27bbf2c0f0,25
Chief Of Staff,51cbb9d4-d064-4500-b441-0e805d93ef88,26
Chief Of Staff,387b5442-bb0c-4dea-936b-ee669e067a04,27
Chief Of Staff,46a685b5-47c8-4fca-8f86-cf2e03787ef2,28
Chief Of Staff,e572ca2e-948c-4b5f-a0fc-0281eebcc60c,29
Chief Of Staff,8fdf34ee-9e3d-4c81-9b1e-5781707f34f4,30
Chief Of Staff,f31a757a-3cb5-4dfc-8418-d4bfa63bf472,31
Chief Of Staff,626d0f7e-e7b0-4ef5-a1c2-73c661643903,32
Chief Of Staff,701d15e7-9204-4041-847b-03ff855b1d7d,33
Chief Of Staff,1b0949f7-0e09-418e-ba34-366e6f969155,34
Chief Of Staff,02299a19-f773-4eef-bb2c-9f4f1a5d8895,35
Chief Of Staff,94238f11-00b5-42c7-8374-b3dd7c7c0b76,36
Chief Of Staff,77cc7953-8695-4788-a1a4-c2182d0b5270,37
Chief Of Staff,a2e27b86-7f85-43b0-94fd-02522cb8d098,38
Chief Of Staff,0a714a13-3907-4aa5-a6d5-fb3777d56e74,39
Chief Of Staff,f99e465a-0eaf-4ad7-8194-2fff0959038c,40
Chief Of Staff,cd2ea8c4-f02f-4bb5-b676-76827a8b7c20,41
Chief Of Staff,4879eeca-e16b-4e5c-a571-2d8f311b3f5d,42
Chief Of Staff,6b70d343-721b-4c47-9f59-f308b76f0506,43
Chief Of Staff,c7281216-5973-4a39-9a03-8fc1a25f7acd,44
Chief Of Staff,492a3c5c-255c-4190-9987-67bcc65286b9,45
Chief Of Staff,4a37e52e-9f21-4e05-a56e-42f090368abe,46
Chief Of Staff,a3fd5e2a-cfdf-4ad6-9887-066521fc6ab1,47
Chief Of Staff,628ed91d-4ccd-44e7-90c1-dffa0a52872a,48
Chief Of Staff,3c5693ac-6ee6-4fbc-8b9e-2d442516932a,49
Chief Of Staff,26d527db-4983-4417-acd5-9e1ff43dec5a,50
Ux,4ec1368a-7b41-4cad-a297-f775fbae332c,1
Ux,b7114010-3a67-4d63-a51d-6f2cedc9633f,2
Ux,0e2de9db-d354-436e-9705-6a461db4b823,3
Ux,02299a19-f773-4eef-bb2c-9f4f1a5d8895,4
Ux,aa749cf4-8897-4f3d-b7aa-649021268e40,5
Ux,32bea3f7-53d4-417b-9423-153539534fe6,6
Ux,e92f7976-91f4-4c66-8110-e2010b4fe217,7
Ux,8f7a0b52-47ac-4e40-adcf-9b828495d353,8
Ux,c865ee08-efc0-4f2e-be20-693913281761,9
Ux,8fdf34ee-9e3d-4c81-9b1e-5781707f34f4,10
Ux,5ba6a117-a578-49ab-abbf-2fb686b0d529,11
Ux,f02f91e0-8270-4f29-bfc6-6d82d17bcf89,12
Ux,07b5f8ff-e07d-4944-ab0a-5e487b72aab5,13
Ux,29847db0-172b-42f5-bac7-4c1c6809766e,14
Ux,103bba6d-8ce3-41ee-a0e1-d4aa0693e07a,15
Ux,60932a15-420c-4208-88c5-98497bfa349b,16
Ux,f31a757a-3cb5-4dfc-8418-d4bfa63bf472,17
Ux,f205efdd-0511-400b-a6a0-7ea1b3921fce,18
Ux,29031d68-2184-4c6d-a1ca-a9e95ad85f50,19
Ux,4879eeca-e16b-4e5c-a571-2d8f311b3f5d,20
Ux,bc994164-8a2c-4303-b0ec-8cf56fd7a83b,21
Ux,ea82bf02-8f3a-459b-848b-bd212a685ac6,22
Ux,3239a6b3-4ab7-4332-b3a1-cb2198ff0850,23
Ux,5ef6e249-f773-4b45-88f0-a5d9a23feb1c,24
Ux,c2f3f878-6025-4a28-9101-46f1a51dceb1,25
Ux,5d986817-4d04-4e83-b009-b8773edb7654,26
Ux,f466415a-b25e-4a95-b190-6c98f24c4805,27
Ux,60ecf23a-51c4-4556-aa2a-c53cbaeee1b8,28
Ux,9bb0dcdd-75e8-4bf0-8468-d60860647383,29
Ux,747e475e-f604-4d0a-b8ec-538be1b5cf3a,30
Ux,e2df4978-d180-4175-8016-631e679075dd,31
Ux,a162e5f6-73a5-4956-afed-d6e9e1b3c609,32
Ux,46a685b5-47c8-4fca-8f86-cf2e03787ef2,33
Ux,51cbb9d4-d064-4500-b441-0e805d93ef88,34
Ux,16b24a95-bfe2-458f-b9c0-8428d96936fb,35
Ux,aeabe34a-4e20-4c61-a04d-9848ea38c278,36
Ux,492a3c5c-255c-4190-9987-67bcc65286b9,37
Ux,cc0f05c8-fbd4-46ac-a6ff-be4b11444e4d,38
Ux,e6c5007b-5b83-4aea-879c-4169db73d998,39
Ux,a722226a-9356-4b2a-9bf6-a053a9f58c3d,40
Ux,0ae195bc-111b-4e22-8eb6-c628b1fe8760,41
Ux,4dfa06be-2927-4300-8bbf-759fba501461,42
Ux,f1606d98-1cb9-4c01-b242-b76d9c8e5a9d,43
Ux,52ef5225-e5e7-4727-a8df-0a27bbf2c0f0,44
Ux,5e140099-21ff-4dcd-8e6a-72b0b2fad9d8,45
Ux,977d264e-86b0-45a8-8b47-2b2d376294dc,46
Ux,387b5442-bb0c-4dea-936b-ee669e067a04,47
Ux,3f69e498-729f-4f28-8646-fe544aa53880,48
Ux,94238f11-00b5-42c7-8374-b3dd7c7c0b76,49
Ux,e95f612a-f72a-4772-bc48-545aaa04e0c9,50
